{"cameraMode":{"drawMode":0,"name":"Shaded","section":"Shading Mode"},"sceneLighting":true,"audioPlay":false,"sceneViewState":{"m_AlwaysRefresh":false,"showFog":true,"showSkybox":true,"showFlares":true,"showImageEffects":true,"showParticleSystems":true,"showVisualEffectGraphs":true,"m_FxEnabled":true},"in2DMode":false,"pivot":{"x":-41.232078552246097,"y":2.8253300189971926,"z":-0.5551255345344544},"rotation":{"x":0.30098530650138857,"y":0.10838405042886734,"z":-0.03460967540740967,"w":0.9468608498573303},"size":0.8243102431297302,"orthographic":false}