{"cameraMode":{"drawMode":0,"name":"Shaded","section":"Shading Mode"},"sceneLighting":true,"audioPlay":false,"sceneViewState":{"m_AlwaysRefresh":false,"showFog":true,"showSkybox":true,"showFlares":true,"showImageEffects":true,"showParticleSystems":true,"showVisualEffectGraphs":true,"m_FxEnabled":true},"in2DMode":false,"pivot":{"x":-64.39863586425781,"y":6.280383586883545,"z":13.823686599731446},"rotation":{"x":0.005605489946901798,"y":-0.993523120880127,"z":0.09899037331342697,"w":0.05611167475581169},"size":7.394471645355225,"orthographic":false}