{"cameraMode":{"drawMode":0,"name":"Shaded","section":"Shading Mode"},"sceneLighting":true,"audioPlay":false,"sceneViewState":{"m_AlwaysRefresh":false,"showFog":true,"showSkybox":true,"showFlares":true,"showImageEffects":true,"showParticleSystems":true,"showVisualEffectGraphs":true,"m_FxEnabled":true},"in2DMode":false,"pivot":{"x":-56.760013580322269,"y":13.544212341308594,"z":24.547901153564454},"rotation":{"x":-0.10207239538431168,"y":-0.8977518677711487,"z":0.30185917019844057,"w":-0.3042517900466919},"size":1.4373469352722169,"orthographic":false}