{"cameraMode":{"drawMode":0,"name":"Shaded","section":"Shading Mode"},"sceneLighting":true,"audioPlay":false,"sceneViewState":{"m_AlwaysRefresh":false,"showFog":true,"showSkybox":true,"showFlares":true,"showImageEffects":true,"showParticleSystems":true,"showVisualEffectGraphs":true,"m_FxEnabled":true},"in2DMode":false,"pivot":{"x":-47.559722900390628,"y":2.047208309173584,"z":-5.538815975189209},"rotation":{"x":-0.07683942466974259,"y":-0.18494313955307008,"z":0.014658535830676556,"w":-0.9796827435493469},"size":0.8660253882408142,"orthographic":false}